<application>
  <component name="ProjectJdkTable">
    <jdk version="2">
      <name value="Python 3.9" />
      <type value="Python SDK" />
      <version value="Python 3.9.6" />
      <homePath value="C:\Users\viraj\AppData\Local\Programs\Python\Python39\python.exe" />
      <roots>
        <annotationsPath>
          <root type="composite" />
        </annotationsPath>
        <classPath>
          <root type="composite">
            <root url="file://$USER_HOME$/AppData/Local/Programs/Python/Python39/DLLs" type="simple" />
            <root url="file://$USER_HOME$/AppData/Local/Programs/Python/Python39/Lib" type="simple" />
            <root url="file://$USER_HOME$/AppData/Local/Programs/Python/Python39" type="simple" />
            <root url="file://$USER_HOME$/AppData/Roaming/Python/Python39/site-packages" type="simple" />
            <root url="file://$USER_HOME$/AppData/Local/Programs/Python/Python39/Lib/site-packages" type="simple" />
            <root url="file://$USER_HOME$/AppData/Local/JetBrains/IntelliJIdea2021.1/python_stubs/363616908" type="simple" />
            <root url="file://$APPLICATION_PLUGINS_DIR$/python/helpers/python-skeletons" type="simple" />
            <root url="file://$APPLICATION_PLUGINS_DIR$/python/helpers/typeshed/stdlib" type="simple" />
            <root url="file://$APPLICATION_PLUGINS_DIR$/python/helpers/typeshed/stubs/jwt" type="simple" />
            <root url="file://$APPLICATION_PLUGINS_DIR$/python/helpers/typeshed/stubs/six" type="simple" />
            <root url="file://$APPLICATION_PLUGINS_DIR$/python/helpers/typeshed/stubs/mock" type="simple" />
            <root url="file://$APPLICATION_PLUGINS_DIR$/python/helpers/typeshed/stubs/nmap" type="simple" />
            <root url="file://$APPLICATION_PLUGINS_DIR$/python/helpers/typeshed/stubs/attrs" type="simple" />
            <root url="file://$APPLICATION_PLUGINS_DIR$/python/helpers/typeshed/stubs/polib" type="simple" />
            <root url="file://$APPLICATION_PLUGINS_DIR$/python/helpers/typeshed/stubs/retry" type="simple" />
            <root url="file://$APPLICATION_PLUGINS_DIR$/python/helpers/typeshed/stubs/enum34" type="simple" />
            <root url="file://$APPLICATION_PLUGINS_DIR$/python/helpers/typeshed/stubs/orjson" type="simple" />
            <root url="file://$APPLICATION_PLUGINS_DIR$/python/helpers/typeshed/stubs/xxhash" type="simple" />
            <root url="file://$APPLICATION_PLUGINS_DIR$/python/helpers/typeshed/stubs/chardet" type="simple" />
            <root url="file://$APPLICATION_PLUGINS_DIR$/python/helpers/typeshed/stubs/futures" type="simple" />
            <root url="file://$APPLICATION_PLUGINS_DIR$/python/helpers/typeshed/stubs/tzlocal" type="simple" />
            <root url="file://$APPLICATION_PLUGINS_DIR$/python/helpers/typeshed/stubs/aiofiles" type="simple" />
            <root url="file://$APPLICATION_PLUGINS_DIR$/python/helpers/typeshed/stubs/filelock" type="simple" />
            <root url="file://$APPLICATION_PLUGINS_DIR$/python/helpers/typeshed/stubs/Markdown" type="simple" />
            <root url="file://$APPLICATION_PLUGINS_DIR$/python/helpers/typeshed/stubs/paramiko" type="simple" />
            <root url="file://$APPLICATION_PLUGINS_DIR$/python/helpers/typeshed/stubs/pathlib2" type="simple" />
            <root url="file://$APPLICATION_PLUGINS_DIR$/python/helpers/typeshed/stubs/requests" type="simple" />
            <root url="file://$APPLICATION_PLUGINS_DIR$/python/helpers/typeshed/stubs/waitress" type="simple" />
            <root url="file://$APPLICATION_PLUGINS_DIR$/python/helpers/typeshed/stubs/Werkzeug" type="simple" />
            <root url="file://$APPLICATION_PLUGINS_DIR$/python/helpers/typeshed/stubs/freezegun" type="simple" />
            <root url="file://$APPLICATION_PLUGINS_DIR$/python/helpers/typeshed/stubs/ipaddress" type="simple" />
            <root url="file://$APPLICATION_PLUGINS_DIR$/python/helpers/typeshed/stubs/pyRFC3339" type="simple" />
            <root url="file://$APPLICATION_PLUGINS_DIR$/python/helpers/typeshed/stubs/typed-ast" type="simple" />
            <root url="file://$APPLICATION_PLUGINS_DIR$/python/helpers/typeshed/stubs/cachetools" type="simple" />
            <root url="file://$APPLICATION_PLUGINS_DIR$/python/helpers/typeshed/stubs/Deprecated" type="simple" />
            <root url="file://$APPLICATION_PLUGINS_DIR$/python/helpers/typeshed/stubs/frozendict" type="simple" />
            <root url="file://$APPLICATION_PLUGINS_DIR$/python/helpers/typeshed/stubs/contextvars" type="simple" />
            <root url="file://$APPLICATION_PLUGINS_DIR$/python/helpers/typeshed/stubs/JACK-Client" type="simple" />
            <root url="file://$APPLICATION_PLUGINS_DIR$/python/helpers/typeshed/stubs/atomicwrites" type="simple" />
            <root url="file://$APPLICATION_PLUGINS_DIR$/python/helpers/typeshed/stubs/cryptography" type="simple" />
            <root url="file://$APPLICATION_PLUGINS_DIR$/python/helpers/typeshed/stubs/click-spinner" type="simple" />
            <root url="file://$APPLICATION_PLUGINS_DIR$/python/helpers/typeshed/stubs/DateTimeRange" type="simple" />
            <root url="file://$APPLICATION_PLUGINS_DIR$/python/helpers/typeshed/stubs/pkg_resources" type="simple" />
            <root url="file://$APPLICATION_PLUGINS_DIR$/python/helpers/typeshed/stubs/python-gflags" type="simple" />
            <root url="file://$APPLICATION_PLUGINS_DIR$/python/helpers/typeshed/stubs/python-slugify" type="simple" />
            <root url="file://$APPLICATION_PLUGINS_DIR$/python/helpers/typeshed/stubs/python-dateutil" type="simple" />
            <root url="file://$APPLICATION_PLUGINS_DIR$/python/helpers/typeshed/stubs/typing-extensions" type="simple" />
          </root>
        </classPath>
        <javadocPath>
          <root type="composite" />
        </javadocPath>
        <sourcePath>
          <root type="composite" />
        </sourcePath>
      </roots>
      <additional />
    </jdk>
    <jdk version="2">
      <name value="jbr-11" />
      <type value="JavaSDK" />
      <version value="JetBrains Runtime version 11.0.11" />
      <homePath value="C:\Program Files\JetBrains\IntelliJ IDEA 2021.1.3\jbr" />
      <roots>
        <annotationsPath>
          <root type="composite">
            <root url="jar://$APPLICATION_HOME_DIR$/plugins/java/lib/jdkAnnotations.jar!/" type="simple" />
          </root>
        </annotationsPath>
        <classPath>
          <root type="composite">
            <root url="jrt://C:/Program Files/JetBrains/IntelliJ IDEA 2021.1.3/jbr!/gluegen.rt" type="simple" />
            <root url="jrt://C:/Program Files/JetBrains/IntelliJ IDEA 2021.1.3/jbr!/java.base" type="simple" />
            <root url="jrt://C:/Program Files/JetBrains/IntelliJ IDEA 2021.1.3/jbr!/java.compiler" type="simple" />
            <root url="jrt://C:/Program Files/JetBrains/IntelliJ IDEA 2021.1.3/jbr!/java.datatransfer" type="simple" />
            <root url="jrt://C:/Program Files/JetBrains/IntelliJ IDEA 2021.1.3/jbr!/java.desktop" type="simple" />
            <root url="jrt://C:/Program Files/JetBrains/IntelliJ IDEA 2021.1.3/jbr!/java.instrument" type="simple" />
            <root url="jrt://C:/Program Files/JetBrains/IntelliJ IDEA 2021.1.3/jbr!/java.logging" type="simple" />
            <root url="jrt://C:/Program Files/JetBrains/IntelliJ IDEA 2021.1.3/jbr!/java.management" type="simple" />
            <root url="jrt://C:/Program Files/JetBrains/IntelliJ IDEA 2021.1.3/jbr!/java.management.rmi" type="simple" />
            <root url="jrt://C:/Program Files/JetBrains/IntelliJ IDEA 2021.1.3/jbr!/java.naming" type="simple" />
            <root url="jrt://C:/Program Files/JetBrains/IntelliJ IDEA 2021.1.3/jbr!/java.net.http" type="simple" />
            <root url="jrt://C:/Program Files/JetBrains/IntelliJ IDEA 2021.1.3/jbr!/java.prefs" type="simple" />
            <root url="jrt://C:/Program Files/JetBrains/IntelliJ IDEA 2021.1.3/jbr!/java.rmi" type="simple" />
            <root url="jrt://C:/Program Files/JetBrains/IntelliJ IDEA 2021.1.3/jbr!/java.scripting" type="simple" />
            <root url="jrt://C:/Program Files/JetBrains/IntelliJ IDEA 2021.1.3/jbr!/java.se" type="simple" />
            <root url="jrt://C:/Program Files/JetBrains/IntelliJ IDEA 2021.1.3/jbr!/java.security.jgss" type="simple" />
            <root url="jrt://C:/Program Files/JetBrains/IntelliJ IDEA 2021.1.3/jbr!/java.security.sasl" type="simple" />
            <root url="jrt://C:/Program Files/JetBrains/IntelliJ IDEA 2021.1.3/jbr!/java.smartcardio" type="simple" />
            <root url="jrt://C:/Program Files/JetBrains/IntelliJ IDEA 2021.1.3/jbr!/java.sql" type="simple" />
            <root url="jrt://C:/Program Files/JetBrains/IntelliJ IDEA 2021.1.3/jbr!/java.sql.rowset" type="simple" />
            <root url="jrt://C:/Program Files/JetBrains/IntelliJ IDEA 2021.1.3/jbr!/java.transaction.xa" type="simple" />
            <root url="jrt://C:/Program Files/JetBrains/IntelliJ IDEA 2021.1.3/jbr!/java.xml" type="simple" />
            <root url="jrt://C:/Program Files/JetBrains/IntelliJ IDEA 2021.1.3/jbr!/java.xml.crypto" type="simple" />
            <root url="jrt://C:/Program Files/JetBrains/IntelliJ IDEA 2021.1.3/jbr!/jcef" type="simple" />
            <root url="jrt://C:/Program Files/JetBrains/IntelliJ IDEA 2021.1.3/jbr!/jdk.accessibility" type="simple" />
            <root url="jrt://C:/Program Files/JetBrains/IntelliJ IDEA 2021.1.3/jbr!/jdk.aot" type="simple" />
            <root url="jrt://C:/Program Files/JetBrains/IntelliJ IDEA 2021.1.3/jbr!/jdk.attach" type="simple" />
            <root url="jrt://C:/Program Files/JetBrains/IntelliJ IDEA 2021.1.3/jbr!/jdk.charsets" type="simple" />
            <root url="jrt://C:/Program Files/JetBrains/IntelliJ IDEA 2021.1.3/jbr!/jdk.compiler" type="simple" />
            <root url="jrt://C:/Program Files/JetBrains/IntelliJ IDEA 2021.1.3/jbr!/jdk.crypto.cryptoki" type="simple" />
            <root url="jrt://C:/Program Files/JetBrains/IntelliJ IDEA 2021.1.3/jbr!/jdk.crypto.ec" type="simple" />
            <root url="jrt://C:/Program Files/JetBrains/IntelliJ IDEA 2021.1.3/jbr!/jdk.dynalink" type="simple" />
            <root url="jrt://C:/Program Files/JetBrains/IntelliJ IDEA 2021.1.3/jbr!/jdk.hotspot.agent" type="simple" />
            <root url="jrt://C:/Program Files/JetBrains/IntelliJ IDEA 2021.1.3/jbr!/jdk.httpserver" type="simple" />
            <root url="jrt://C:/Program Files/JetBrains/IntelliJ IDEA 2021.1.3/jbr!/jdk.internal.ed" type="simple" />
            <root url="jrt://C:/Program Files/JetBrains/IntelliJ IDEA 2021.1.3/jbr!/jdk.internal.jvmstat" type="simple" />
            <root url="jrt://C:/Program Files/JetBrains/IntelliJ IDEA 2021.1.3/jbr!/jdk.internal.le" type="simple" />
            <root url="jrt://C:/Program Files/JetBrains/IntelliJ IDEA 2021.1.3/jbr!/jdk.internal.vm.ci" type="simple" />
            <root url="jrt://C:/Program Files/JetBrains/IntelliJ IDEA 2021.1.3/jbr!/jdk.internal.vm.compiler" type="simple" />
            <root url="jrt://C:/Program Files/JetBrains/IntelliJ IDEA 2021.1.3/jbr!/jdk.internal.vm.compiler.management" type="simple" />
            <root url="jrt://C:/Program Files/JetBrains/IntelliJ IDEA 2021.1.3/jbr!/jdk.jcmd" type="simple" />
            <root url="jrt://C:/Program Files/JetBrains/IntelliJ IDEA 2021.1.3/jbr!/jdk.jdi" type="simple" />
            <root url="jrt://C:/Program Files/JetBrains/IntelliJ IDEA 2021.1.3/jbr!/jdk.jdwp.agent" type="simple" />
            <root url="jrt://C:/Program Files/JetBrains/IntelliJ IDEA 2021.1.3/jbr!/jdk.jfr" type="simple" />
            <root url="jrt://C:/Program Files/JetBrains/IntelliJ IDEA 2021.1.3/jbr!/jdk.jsobject" type="simple" />
            <root url="jrt://C:/Program Files/JetBrains/IntelliJ IDEA 2021.1.3/jbr!/jdk.localedata" type="simple" />
            <root url="jrt://C:/Program Files/JetBrains/IntelliJ IDEA 2021.1.3/jbr!/jdk.management" type="simple" />
            <root url="jrt://C:/Program Files/JetBrains/IntelliJ IDEA 2021.1.3/jbr!/jdk.management.agent" type="simple" />
            <root url="jrt://C:/Program Files/JetBrains/IntelliJ IDEA 2021.1.3/jbr!/jdk.management.jfr" type="simple" />
            <root url="jrt://C:/Program Files/JetBrains/IntelliJ IDEA 2021.1.3/jbr!/jdk.naming.dns" type="simple" />
            <root url="jrt://C:/Program Files/JetBrains/IntelliJ IDEA 2021.1.3/jbr!/jdk.naming.rmi" type="simple" />
            <root url="jrt://C:/Program Files/JetBrains/IntelliJ IDEA 2021.1.3/jbr!/jdk.net" type="simple" />
            <root url="jrt://C:/Program Files/JetBrains/IntelliJ IDEA 2021.1.3/jbr!/jdk.pack" type="simple" />
            <root url="jrt://C:/Program Files/JetBrains/IntelliJ IDEA 2021.1.3/jbr!/jdk.scripting.nashorn" type="simple" />
            <root url="jrt://C:/Program Files/JetBrains/IntelliJ IDEA 2021.1.3/jbr!/jdk.scripting.nashorn.shell" type="simple" />
            <root url="jrt://C:/Program Files/JetBrains/IntelliJ IDEA 2021.1.3/jbr!/jdk.sctp" type="simple" />
            <root url="jrt://C:/Program Files/JetBrains/IntelliJ IDEA 2021.1.3/jbr!/jdk.security.auth" type="simple" />
            <root url="jrt://C:/Program Files/JetBrains/IntelliJ IDEA 2021.1.3/jbr!/jdk.security.jgss" type="simple" />
            <root url="jrt://C:/Program Files/JetBrains/IntelliJ IDEA 2021.1.3/jbr!/jdk.unsupported" type="simple" />
            <root url="jrt://C:/Program Files/JetBrains/IntelliJ IDEA 2021.1.3/jbr!/jdk.xml.dom" type="simple" />
            <root url="jrt://C:/Program Files/JetBrains/IntelliJ IDEA 2021.1.3/jbr!/jdk.zipfs" type="simple" />
            <root url="jrt://C:/Program Files/JetBrains/IntelliJ IDEA 2021.1.3/jbr!/jogl.all" type="simple" />
          </root>
        </classPath>
        <javadocPath>
          <root type="composite">
            <root url="https://docs.oracle.com/en/java/javase/11/docs/api/" type="simple" />
          </root>
        </javadocPath>
        <sourcePath>
          <root type="composite" />
        </sourcePath>
      </roots>
      <additional />
    </jdk>
    <jdk version="2">
      <name value="17" />
      <type value="JavaSDK" />
      <version value="version 17.0.1" />
      <homePath value="C:\Program Files\Java\jdk-17.0.1" />
      <roots>
        <annotationsPath>
          <root type="composite">
            <root url="jar://$APPLICATION_HOME_DIR$/plugins/java/lib/jdkAnnotations.jar!/" type="simple" />
            <root url="jar://$APPLICATION_HOME_DIR$/plugins/java/lib/resources/jdkAnnotations.jar!/" type="simple" />
          </root>
        </annotationsPath>
        <classPath>
          <root type="composite">
            <root url="jrt://C:/Program Files/Java/jdk-17.0.1!/java.base" type="simple" />
            <root url="jrt://C:/Program Files/Java/jdk-17.0.1!/java.compiler" type="simple" />
            <root url="jrt://C:/Program Files/Java/jdk-17.0.1!/java.datatransfer" type="simple" />
            <root url="jrt://C:/Program Files/Java/jdk-17.0.1!/java.desktop" type="simple" />
            <root url="jrt://C:/Program Files/Java/jdk-17.0.1!/java.instrument" type="simple" />
            <root url="jrt://C:/Program Files/Java/jdk-17.0.1!/java.logging" type="simple" />
            <root url="jrt://C:/Program Files/Java/jdk-17.0.1!/java.management" type="simple" />
            <root url="jrt://C:/Program Files/Java/jdk-17.0.1!/java.management.rmi" type="simple" />
            <root url="jrt://C:/Program Files/Java/jdk-17.0.1!/java.naming" type="simple" />
            <root url="jrt://C:/Program Files/Java/jdk-17.0.1!/java.net.http" type="simple" />
            <root url="jrt://C:/Program Files/Java/jdk-17.0.1!/java.prefs" type="simple" />
            <root url="jrt://C:/Program Files/Java/jdk-17.0.1!/java.rmi" type="simple" />
            <root url="jrt://C:/Program Files/Java/jdk-17.0.1!/java.scripting" type="simple" />
            <root url="jrt://C:/Program Files/Java/jdk-17.0.1!/java.se" type="simple" />
            <root url="jrt://C:/Program Files/Java/jdk-17.0.1!/java.security.jgss" type="simple" />
            <root url="jrt://C:/Program Files/Java/jdk-17.0.1!/java.security.sasl" type="simple" />
            <root url="jrt://C:/Program Files/Java/jdk-17.0.1!/java.smartcardio" type="simple" />
            <root url="jrt://C:/Program Files/Java/jdk-17.0.1!/java.sql" type="simple" />
            <root url="jrt://C:/Program Files/Java/jdk-17.0.1!/java.sql.rowset" type="simple" />
            <root url="jrt://C:/Program Files/Java/jdk-17.0.1!/java.transaction.xa" type="simple" />
            <root url="jrt://C:/Program Files/Java/jdk-17.0.1!/java.xml" type="simple" />
            <root url="jrt://C:/Program Files/Java/jdk-17.0.1!/java.xml.crypto" type="simple" />
            <root url="jrt://C:/Program Files/Java/jdk-17.0.1!/jdk.accessibility" type="simple" />
            <root url="jrt://C:/Program Files/Java/jdk-17.0.1!/jdk.attach" type="simple" />
            <root url="jrt://C:/Program Files/Java/jdk-17.0.1!/jdk.charsets" type="simple" />
            <root url="jrt://C:/Program Files/Java/jdk-17.0.1!/jdk.compiler" type="simple" />
            <root url="jrt://C:/Program Files/Java/jdk-17.0.1!/jdk.crypto.cryptoki" type="simple" />
            <root url="jrt://C:/Program Files/Java/jdk-17.0.1!/jdk.crypto.ec" type="simple" />
            <root url="jrt://C:/Program Files/Java/jdk-17.0.1!/jdk.crypto.mscapi" type="simple" />
            <root url="jrt://C:/Program Files/Java/jdk-17.0.1!/jdk.dynalink" type="simple" />
            <root url="jrt://C:/Program Files/Java/jdk-17.0.1!/jdk.editpad" type="simple" />
            <root url="jrt://C:/Program Files/Java/jdk-17.0.1!/jdk.hotspot.agent" type="simple" />
            <root url="jrt://C:/Program Files/Java/jdk-17.0.1!/jdk.httpserver" type="simple" />
            <root url="jrt://C:/Program Files/Java/jdk-17.0.1!/jdk.incubator.foreign" type="simple" />
            <root url="jrt://C:/Program Files/Java/jdk-17.0.1!/jdk.incubator.vector" type="simple" />
            <root url="jrt://C:/Program Files/Java/jdk-17.0.1!/jdk.internal.ed" type="simple" />
            <root url="jrt://C:/Program Files/Java/jdk-17.0.1!/jdk.internal.jvmstat" type="simple" />
            <root url="jrt://C:/Program Files/Java/jdk-17.0.1!/jdk.internal.le" type="simple" />
            <root url="jrt://C:/Program Files/Java/jdk-17.0.1!/jdk.internal.opt" type="simple" />
            <root url="jrt://C:/Program Files/Java/jdk-17.0.1!/jdk.internal.vm.ci" type="simple" />
            <root url="jrt://C:/Program Files/Java/jdk-17.0.1!/jdk.internal.vm.compiler" type="simple" />
            <root url="jrt://C:/Program Files/Java/jdk-17.0.1!/jdk.internal.vm.compiler.management" type="simple" />
            <root url="jrt://C:/Program Files/Java/jdk-17.0.1!/jdk.jartool" type="simple" />
            <root url="jrt://C:/Program Files/Java/jdk-17.0.1!/jdk.javadoc" type="simple" />
            <root url="jrt://C:/Program Files/Java/jdk-17.0.1!/jdk.jcmd" type="simple" />
            <root url="jrt://C:/Program Files/Java/jdk-17.0.1!/jdk.jconsole" type="simple" />
            <root url="jrt://C:/Program Files/Java/jdk-17.0.1!/jdk.jdeps" type="simple" />
            <root url="jrt://C:/Program Files/Java/jdk-17.0.1!/jdk.jdi" type="simple" />
            <root url="jrt://C:/Program Files/Java/jdk-17.0.1!/jdk.jdwp.agent" type="simple" />
            <root url="jrt://C:/Program Files/Java/jdk-17.0.1!/jdk.jfr" type="simple" />
            <root url="jrt://C:/Program Files/Java/jdk-17.0.1!/jdk.jlink" type="simple" />
            <root url="jrt://C:/Program Files/Java/jdk-17.0.1!/jdk.jpackage" type="simple" />
            <root url="jrt://C:/Program Files/Java/jdk-17.0.1!/jdk.jshell" type="simple" />
            <root url="jrt://C:/Program Files/Java/jdk-17.0.1!/jdk.jsobject" type="simple" />
            <root url="jrt://C:/Program Files/Java/jdk-17.0.1!/jdk.jstatd" type="simple" />
            <root url="jrt://C:/Program Files/Java/jdk-17.0.1!/jdk.localedata" type="simple" />
            <root url="jrt://C:/Program Files/Java/jdk-17.0.1!/jdk.management" type="simple" />
            <root url="jrt://C:/Program Files/Java/jdk-17.0.1!/jdk.management.agent" type="simple" />
            <root url="jrt://C:/Program Files/Java/jdk-17.0.1!/jdk.management.jfr" type="simple" />
            <root url="jrt://C:/Program Files/Java/jdk-17.0.1!/jdk.naming.dns" type="simple" />
            <root url="jrt://C:/Program Files/Java/jdk-17.0.1!/jdk.naming.rmi" type="simple" />
            <root url="jrt://C:/Program Files/Java/jdk-17.0.1!/jdk.net" type="simple" />
            <root url="jrt://C:/Program Files/Java/jdk-17.0.1!/jdk.nio.mapmode" type="simple" />
            <root url="jrt://C:/Program Files/Java/jdk-17.0.1!/jdk.random" type="simple" />
            <root url="jrt://C:/Program Files/Java/jdk-17.0.1!/jdk.sctp" type="simple" />
            <root url="jrt://C:/Program Files/Java/jdk-17.0.1!/jdk.security.auth" type="simple" />
            <root url="jrt://C:/Program Files/Java/jdk-17.0.1!/jdk.security.jgss" type="simple" />
            <root url="jrt://C:/Program Files/Java/jdk-17.0.1!/jdk.unsupported" type="simple" />
            <root url="jrt://C:/Program Files/Java/jdk-17.0.1!/jdk.unsupported.desktop" type="simple" />
            <root url="jrt://C:/Program Files/Java/jdk-17.0.1!/jdk.xml.dom" type="simple" />
            <root url="jrt://C:/Program Files/Java/jdk-17.0.1!/jdk.zipfs" type="simple" />
          </root>
        </classPath>
        <javadocPath>
          <root type="composite" />
        </javadocPath>
        <sourcePath>
          <root type="composite">
            <root url="jar://C:/Program Files/Java/jdk-17.0.1/lib/src.zip!/java.se" type="simple" />
            <root url="jar://C:/Program Files/Java/jdk-17.0.1/lib/src.zip!/jdk.jdi" type="simple" />
            <root url="jar://C:/Program Files/Java/jdk-17.0.1/lib/src.zip!/jdk.jfr" type="simple" />
            <root url="jar://C:/Program Files/Java/jdk-17.0.1/lib/src.zip!/jdk.net" type="simple" />
            <root url="jar://C:/Program Files/Java/jdk-17.0.1/lib/src.zip!/java.rmi" type="simple" />
            <root url="jar://C:/Program Files/Java/jdk-17.0.1/lib/src.zip!/java.sql" type="simple" />
            <root url="jar://C:/Program Files/Java/jdk-17.0.1/lib/src.zip!/java.xml" type="simple" />
            <root url="jar://C:/Program Files/Java/jdk-17.0.1/lib/src.zip!/jdk.jcmd" type="simple" />
            <root url="jar://C:/Program Files/Java/jdk-17.0.1/lib/src.zip!/jdk.sctp" type="simple" />
            <root url="jar://C:/Program Files/Java/jdk-17.0.1/lib/src.zip!/java.base" type="simple" />
            <root url="jar://C:/Program Files/Java/jdk-17.0.1/lib/src.zip!/jdk.jdeps" type="simple" />
            <root url="jar://C:/Program Files/Java/jdk-17.0.1/lib/src.zip!/jdk.jlink" type="simple" />
            <root url="jar://C:/Program Files/Java/jdk-17.0.1/lib/src.zip!/jdk.zipfs" type="simple" />
            <root url="jar://C:/Program Files/Java/jdk-17.0.1/lib/src.zip!/java.prefs" type="simple" />
            <root url="jar://C:/Program Files/Java/jdk-17.0.1/lib/src.zip!/jdk.attach" type="simple" />
            <root url="jar://C:/Program Files/Java/jdk-17.0.1/lib/src.zip!/jdk.jshell" type="simple" />
            <root url="jar://C:/Program Files/Java/jdk-17.0.1/lib/src.zip!/jdk.jstatd" type="simple" />
            <root url="jar://C:/Program Files/Java/jdk-17.0.1/lib/src.zip!/jdk.random" type="simple" />
            <root url="jar://C:/Program Files/Java/jdk-17.0.1/lib/src.zip!/java.naming" type="simple" />
            <root url="jar://C:/Program Files/Java/jdk-17.0.1/lib/src.zip!/jdk.editpad" type="simple" />
            <root url="jar://C:/Program Files/Java/jdk-17.0.1/lib/src.zip!/jdk.jartool" type="simple" />
            <root url="jar://C:/Program Files/Java/jdk-17.0.1/lib/src.zip!/jdk.javadoc" type="simple" />
            <root url="jar://C:/Program Files/Java/jdk-17.0.1/lib/src.zip!/jdk.xml.dom" type="simple" />
            <root url="jar://C:/Program Files/Java/jdk-17.0.1/lib/src.zip!/java.desktop" type="simple" />
            <root url="jar://C:/Program Files/Java/jdk-17.0.1/lib/src.zip!/java.logging" type="simple" />
            <root url="jar://C:/Program Files/Java/jdk-17.0.1/lib/src.zip!/jdk.charsets" type="simple" />
            <root url="jar://C:/Program Files/Java/jdk-17.0.1/lib/src.zip!/jdk.compiler" type="simple" />
            <root url="jar://C:/Program Files/Java/jdk-17.0.1/lib/src.zip!/jdk.dynalink" type="simple" />
            <root url="jar://C:/Program Files/Java/jdk-17.0.1/lib/src.zip!/jdk.jconsole" type="simple" />
            <root url="jar://C:/Program Files/Java/jdk-17.0.1/lib/src.zip!/jdk.jpackage" type="simple" />
            <root url="jar://C:/Program Files/Java/jdk-17.0.1/lib/src.zip!/jdk.jsobject" type="simple" />
            <root url="jar://C:/Program Files/Java/jdk-17.0.1/lib/src.zip!/java.compiler" type="simple" />
            <root url="jar://C:/Program Files/Java/jdk-17.0.1/lib/src.zip!/java.net.http" type="simple" />
            <root url="jar://C:/Program Files/Java/jdk-17.0.1/lib/src.zip!/jdk.crypto.ec" type="simple" />
            <root url="jar://C:/Program Files/Java/jdk-17.0.1/lib/src.zip!/java.scripting" type="simple" />
            <root url="jar://C:/Program Files/Java/jdk-17.0.1/lib/src.zip!/jdk.httpserver" type="simple" />
            <root url="jar://C:/Program Files/Java/jdk-17.0.1/lib/src.zip!/jdk.jdwp.agent" type="simple" />
            <root url="jar://C:/Program Files/Java/jdk-17.0.1/lib/src.zip!/jdk.localedata" type="simple" />
            <root url="jar://C:/Program Files/Java/jdk-17.0.1/lib/src.zip!/jdk.management" type="simple" />
            <root url="jar://C:/Program Files/Java/jdk-17.0.1/lib/src.zip!/jdk.naming.dns" type="simple" />
            <root url="jar://C:/Program Files/Java/jdk-17.0.1/lib/src.zip!/jdk.naming.rmi" type="simple" />
            <root url="jar://C:/Program Files/Java/jdk-17.0.1/lib/src.zip!/java.instrument" type="simple" />
            <root url="jar://C:/Program Files/Java/jdk-17.0.1/lib/src.zip!/java.management" type="simple" />
            <root url="jar://C:/Program Files/Java/jdk-17.0.1/lib/src.zip!/java.sql.rowset" type="simple" />
            <root url="jar://C:/Program Files/Java/jdk-17.0.1/lib/src.zip!/java.xml.crypto" type="simple" />
            <root url="jar://C:/Program Files/Java/jdk-17.0.1/lib/src.zip!/jdk.internal.ed" type="simple" />
            <root url="jar://C:/Program Files/Java/jdk-17.0.1/lib/src.zip!/jdk.internal.le" type="simple" />
            <root url="jar://C:/Program Files/Java/jdk-17.0.1/lib/src.zip!/jdk.nio.mapmode" type="simple" />
            <root url="jar://C:/Program Files/Java/jdk-17.0.1/lib/src.zip!/jdk.unsupported" type="simple" />
            <root url="jar://C:/Program Files/Java/jdk-17.0.1/lib/src.zip!/java.smartcardio" type="simple" />
            <root url="jar://C:/Program Files/Java/jdk-17.0.1/lib/src.zip!/jdk.internal.opt" type="simple" />
            <root url="jar://C:/Program Files/Java/jdk-17.0.1/lib/src.zip!/java.datatransfer" type="simple" />
            <root url="jar://C:/Program Files/Java/jdk-17.0.1/lib/src.zip!/jdk.accessibility" type="simple" />
            <root url="jar://C:/Program Files/Java/jdk-17.0.1/lib/src.zip!/jdk.crypto.mscapi" type="simple" />
            <root url="jar://C:/Program Files/Java/jdk-17.0.1/lib/src.zip!/jdk.hotspot.agent" type="simple" />
            <root url="jar://C:/Program Files/Java/jdk-17.0.1/lib/src.zip!/jdk.security.auth" type="simple" />
            <root url="jar://C:/Program Files/Java/jdk-17.0.1/lib/src.zip!/jdk.security.jgss" type="simple" />
            <root url="jar://C:/Program Files/Java/jdk-17.0.1/lib/src.zip!/java.security.jgss" type="simple" />
            <root url="jar://C:/Program Files/Java/jdk-17.0.1/lib/src.zip!/java.security.sasl" type="simple" />
            <root url="jar://C:/Program Files/Java/jdk-17.0.1/lib/src.zip!/jdk.internal.vm.ci" type="simple" />
            <root url="jar://C:/Program Files/Java/jdk-17.0.1/lib/src.zip!/jdk.management.jfr" type="simple" />
            <root url="jar://C:/Program Files/Java/jdk-17.0.1/lib/src.zip!/java.management.rmi" type="simple" />
            <root url="jar://C:/Program Files/Java/jdk-17.0.1/lib/src.zip!/java.transaction.xa" type="simple" />
            <root url="jar://C:/Program Files/Java/jdk-17.0.1/lib/src.zip!/jdk.crypto.cryptoki" type="simple" />
            <root url="jar://C:/Program Files/Java/jdk-17.0.1/lib/src.zip!/jdk.incubator.vector" type="simple" />
            <root url="jar://C:/Program Files/Java/jdk-17.0.1/lib/src.zip!/jdk.internal.jvmstat" type="simple" />
            <root url="jar://C:/Program Files/Java/jdk-17.0.1/lib/src.zip!/jdk.management.agent" type="simple" />
            <root url="jar://C:/Program Files/Java/jdk-17.0.1/lib/src.zip!/jdk.incubator.foreign" type="simple" />
            <root url="jar://C:/Program Files/Java/jdk-17.0.1/lib/src.zip!/jdk.unsupported.desktop" type="simple" />
            <root url="jar://C:/Program Files/Java/jdk-17.0.1/lib/src.zip!/jdk.internal.vm.compiler" type="simple" />
            <root url="jar://C:/Program Files/Java/jdk-17.0.1/lib/src.zip!/jdk.internal.vm.compiler.management" type="simple" />
          </root>
        </sourcePath>
      </roots>
      <additional />
    </jdk>
    <jdk version="2">
      <name value="MiKTeX Windows SDK" />
      <type value="MiKTeX Windows SDK" />
      <version value="(MiKTeX 21.12)" />
      <homePath value="C:\Users\viraj\AppData\Local\Programs\MiKTeX\" />
      <roots>
        <annotationsPath>
          <root type="composite" />
        </annotationsPath>
        <classPath>
          <root type="composite" />
        </classPath>
        <javadocPath>
          <root type="composite" />
        </javadocPath>
        <sourcePath>
          <root type="composite" />
        </sourcePath>
      </roots>
      <additional />
    </jdk>
    <jdk version="2">
      <name value="11" />
      <type value="JavaSDK" />
      <version value="java version &quot;11.0.11&quot;" />
      <homePath value="$USER_HOME$/AppData/Local/Programs/AdoptOpenJDK/jdk-11.0.11.9-hotspot" />
      <roots>
        <annotationsPath>
          <root type="composite">
            <root url="jar://$APPLICATION_HOME_DIR$/plugins/java/lib/resources/jdkAnnotations.jar!/" type="simple" />
          </root>
        </annotationsPath>
        <classPath>
          <root type="composite">
            <root url="jrt://C:/Users/viraj/AppData/Local/Programs/AdoptOpenJDK/jdk-11.0.11.9-hotspot!/java.base" type="simple" />
            <root url="jrt://C:/Users/viraj/AppData/Local/Programs/AdoptOpenJDK/jdk-11.0.11.9-hotspot!/java.compiler" type="simple" />
            <root url="jrt://C:/Users/viraj/AppData/Local/Programs/AdoptOpenJDK/jdk-11.0.11.9-hotspot!/java.datatransfer" type="simple" />
            <root url="jrt://C:/Users/viraj/AppData/Local/Programs/AdoptOpenJDK/jdk-11.0.11.9-hotspot!/java.desktop" type="simple" />
            <root url="jrt://C:/Users/viraj/AppData/Local/Programs/AdoptOpenJDK/jdk-11.0.11.9-hotspot!/java.instrument" type="simple" />
            <root url="jrt://C:/Users/viraj/AppData/Local/Programs/AdoptOpenJDK/jdk-11.0.11.9-hotspot!/java.logging" type="simple" />
            <root url="jrt://C:/Users/viraj/AppData/Local/Programs/AdoptOpenJDK/jdk-11.0.11.9-hotspot!/java.management" type="simple" />
            <root url="jrt://C:/Users/viraj/AppData/Local/Programs/AdoptOpenJDK/jdk-11.0.11.9-hotspot!/java.management.rmi" type="simple" />
            <root url="jrt://C:/Users/viraj/AppData/Local/Programs/AdoptOpenJDK/jdk-11.0.11.9-hotspot!/java.naming" type="simple" />
            <root url="jrt://C:/Users/viraj/AppData/Local/Programs/AdoptOpenJDK/jdk-11.0.11.9-hotspot!/java.net.http" type="simple" />
            <root url="jrt://C:/Users/viraj/AppData/Local/Programs/AdoptOpenJDK/jdk-11.0.11.9-hotspot!/java.prefs" type="simple" />
            <root url="jrt://C:/Users/viraj/AppData/Local/Programs/AdoptOpenJDK/jdk-11.0.11.9-hotspot!/java.rmi" type="simple" />
            <root url="jrt://C:/Users/viraj/AppData/Local/Programs/AdoptOpenJDK/jdk-11.0.11.9-hotspot!/java.scripting" type="simple" />
            <root url="jrt://C:/Users/viraj/AppData/Local/Programs/AdoptOpenJDK/jdk-11.0.11.9-hotspot!/java.se" type="simple" />
            <root url="jrt://C:/Users/viraj/AppData/Local/Programs/AdoptOpenJDK/jdk-11.0.11.9-hotspot!/java.security.jgss" type="simple" />
            <root url="jrt://C:/Users/viraj/AppData/Local/Programs/AdoptOpenJDK/jdk-11.0.11.9-hotspot!/java.security.sasl" type="simple" />
            <root url="jrt://C:/Users/viraj/AppData/Local/Programs/AdoptOpenJDK/jdk-11.0.11.9-hotspot!/java.smartcardio" type="simple" />
            <root url="jrt://C:/Users/viraj/AppData/Local/Programs/AdoptOpenJDK/jdk-11.0.11.9-hotspot!/java.sql" type="simple" />
            <root url="jrt://C:/Users/viraj/AppData/Local/Programs/AdoptOpenJDK/jdk-11.0.11.9-hotspot!/java.sql.rowset" type="simple" />
            <root url="jrt://C:/Users/viraj/AppData/Local/Programs/AdoptOpenJDK/jdk-11.0.11.9-hotspot!/java.transaction.xa" type="simple" />
            <root url="jrt://C:/Users/viraj/AppData/Local/Programs/AdoptOpenJDK/jdk-11.0.11.9-hotspot!/java.xml" type="simple" />
            <root url="jrt://C:/Users/viraj/AppData/Local/Programs/AdoptOpenJDK/jdk-11.0.11.9-hotspot!/java.xml.crypto" type="simple" />
            <root url="jrt://C:/Users/viraj/AppData/Local/Programs/AdoptOpenJDK/jdk-11.0.11.9-hotspot!/jdk.accessibility" type="simple" />
            <root url="jrt://C:/Users/viraj/AppData/Local/Programs/AdoptOpenJDK/jdk-11.0.11.9-hotspot!/jdk.aot" type="simple" />
            <root url="jrt://C:/Users/viraj/AppData/Local/Programs/AdoptOpenJDK/jdk-11.0.11.9-hotspot!/jdk.attach" type="simple" />
            <root url="jrt://C:/Users/viraj/AppData/Local/Programs/AdoptOpenJDK/jdk-11.0.11.9-hotspot!/jdk.charsets" type="simple" />
            <root url="jrt://C:/Users/viraj/AppData/Local/Programs/AdoptOpenJDK/jdk-11.0.11.9-hotspot!/jdk.compiler" type="simple" />
            <root url="jrt://C:/Users/viraj/AppData/Local/Programs/AdoptOpenJDK/jdk-11.0.11.9-hotspot!/jdk.crypto.cryptoki" type="simple" />
            <root url="jrt://C:/Users/viraj/AppData/Local/Programs/AdoptOpenJDK/jdk-11.0.11.9-hotspot!/jdk.crypto.ec" type="simple" />
            <root url="jrt://C:/Users/viraj/AppData/Local/Programs/AdoptOpenJDK/jdk-11.0.11.9-hotspot!/jdk.crypto.mscapi" type="simple" />
            <root url="jrt://C:/Users/viraj/AppData/Local/Programs/AdoptOpenJDK/jdk-11.0.11.9-hotspot!/jdk.dynalink" type="simple" />
            <root url="jrt://C:/Users/viraj/AppData/Local/Programs/AdoptOpenJDK/jdk-11.0.11.9-hotspot!/jdk.editpad" type="simple" />
            <root url="jrt://C:/Users/viraj/AppData/Local/Programs/AdoptOpenJDK/jdk-11.0.11.9-hotspot!/jdk.hotspot.agent" type="simple" />
            <root url="jrt://C:/Users/viraj/AppData/Local/Programs/AdoptOpenJDK/jdk-11.0.11.9-hotspot!/jdk.httpserver" type="simple" />
            <root url="jrt://C:/Users/viraj/AppData/Local/Programs/AdoptOpenJDK/jdk-11.0.11.9-hotspot!/jdk.internal.ed" type="simple" />
            <root url="jrt://C:/Users/viraj/AppData/Local/Programs/AdoptOpenJDK/jdk-11.0.11.9-hotspot!/jdk.internal.jvmstat" type="simple" />
            <root url="jrt://C:/Users/viraj/AppData/Local/Programs/AdoptOpenJDK/jdk-11.0.11.9-hotspot!/jdk.internal.le" type="simple" />
            <root url="jrt://C:/Users/viraj/AppData/Local/Programs/AdoptOpenJDK/jdk-11.0.11.9-hotspot!/jdk.internal.opt" type="simple" />
            <root url="jrt://C:/Users/viraj/AppData/Local/Programs/AdoptOpenJDK/jdk-11.0.11.9-hotspot!/jdk.internal.vm.ci" type="simple" />
            <root url="jrt://C:/Users/viraj/AppData/Local/Programs/AdoptOpenJDK/jdk-11.0.11.9-hotspot!/jdk.internal.vm.compiler" type="simple" />
            <root url="jrt://C:/Users/viraj/AppData/Local/Programs/AdoptOpenJDK/jdk-11.0.11.9-hotspot!/jdk.internal.vm.compiler.management" type="simple" />
            <root url="jrt://C:/Users/viraj/AppData/Local/Programs/AdoptOpenJDK/jdk-11.0.11.9-hotspot!/jdk.jartool" type="simple" />
            <root url="jrt://C:/Users/viraj/AppData/Local/Programs/AdoptOpenJDK/jdk-11.0.11.9-hotspot!/jdk.javadoc" type="simple" />
            <root url="jrt://C:/Users/viraj/AppData/Local/Programs/AdoptOpenJDK/jdk-11.0.11.9-hotspot!/jdk.jcmd" type="simple" />
            <root url="jrt://C:/Users/viraj/AppData/Local/Programs/AdoptOpenJDK/jdk-11.0.11.9-hotspot!/jdk.jconsole" type="simple" />
            <root url="jrt://C:/Users/viraj/AppData/Local/Programs/AdoptOpenJDK/jdk-11.0.11.9-hotspot!/jdk.jdeps" type="simple" />
            <root url="jrt://C:/Users/viraj/AppData/Local/Programs/AdoptOpenJDK/jdk-11.0.11.9-hotspot!/jdk.jdi" type="simple" />
            <root url="jrt://C:/Users/viraj/AppData/Local/Programs/AdoptOpenJDK/jdk-11.0.11.9-hotspot!/jdk.jdwp.agent" type="simple" />
            <root url="jrt://C:/Users/viraj/AppData/Local/Programs/AdoptOpenJDK/jdk-11.0.11.9-hotspot!/jdk.jfr" type="simple" />
            <root url="jrt://C:/Users/viraj/AppData/Local/Programs/AdoptOpenJDK/jdk-11.0.11.9-hotspot!/jdk.jlink" type="simple" />
            <root url="jrt://C:/Users/viraj/AppData/Local/Programs/AdoptOpenJDK/jdk-11.0.11.9-hotspot!/jdk.jshell" type="simple" />
            <root url="jrt://C:/Users/viraj/AppData/Local/Programs/AdoptOpenJDK/jdk-11.0.11.9-hotspot!/jdk.jsobject" type="simple" />
            <root url="jrt://C:/Users/viraj/AppData/Local/Programs/AdoptOpenJDK/jdk-11.0.11.9-hotspot!/jdk.jstatd" type="simple" />
            <root url="jrt://C:/Users/viraj/AppData/Local/Programs/AdoptOpenJDK/jdk-11.0.11.9-hotspot!/jdk.localedata" type="simple" />
            <root url="jrt://C:/Users/viraj/AppData/Local/Programs/AdoptOpenJDK/jdk-11.0.11.9-hotspot!/jdk.management" type="simple" />
            <root url="jrt://C:/Users/viraj/AppData/Local/Programs/AdoptOpenJDK/jdk-11.0.11.9-hotspot!/jdk.management.agent" type="simple" />
            <root url="jrt://C:/Users/viraj/AppData/Local/Programs/AdoptOpenJDK/jdk-11.0.11.9-hotspot!/jdk.management.jfr" type="simple" />
            <root url="jrt://C:/Users/viraj/AppData/Local/Programs/AdoptOpenJDK/jdk-11.0.11.9-hotspot!/jdk.naming.dns" type="simple" />
            <root url="jrt://C:/Users/viraj/AppData/Local/Programs/AdoptOpenJDK/jdk-11.0.11.9-hotspot!/jdk.naming.ldap" type="simple" />
            <root url="jrt://C:/Users/viraj/AppData/Local/Programs/AdoptOpenJDK/jdk-11.0.11.9-hotspot!/jdk.naming.rmi" type="simple" />
            <root url="jrt://C:/Users/viraj/AppData/Local/Programs/AdoptOpenJDK/jdk-11.0.11.9-hotspot!/jdk.net" type="simple" />
            <root url="jrt://C:/Users/viraj/AppData/Local/Programs/AdoptOpenJDK/jdk-11.0.11.9-hotspot!/jdk.pack" type="simple" />
            <root url="jrt://C:/Users/viraj/AppData/Local/Programs/AdoptOpenJDK/jdk-11.0.11.9-hotspot!/jdk.rmic" type="simple" />
            <root url="jrt://C:/Users/viraj/AppData/Local/Programs/AdoptOpenJDK/jdk-11.0.11.9-hotspot!/jdk.scripting.nashorn" type="simple" />
            <root url="jrt://C:/Users/viraj/AppData/Local/Programs/AdoptOpenJDK/jdk-11.0.11.9-hotspot!/jdk.scripting.nashorn.shell" type="simple" />
            <root url="jrt://C:/Users/viraj/AppData/Local/Programs/AdoptOpenJDK/jdk-11.0.11.9-hotspot!/jdk.sctp" type="simple" />
            <root url="jrt://C:/Users/viraj/AppData/Local/Programs/AdoptOpenJDK/jdk-11.0.11.9-hotspot!/jdk.security.auth" type="simple" />
            <root url="jrt://C:/Users/viraj/AppData/Local/Programs/AdoptOpenJDK/jdk-11.0.11.9-hotspot!/jdk.security.jgss" type="simple" />
            <root url="jrt://C:/Users/viraj/AppData/Local/Programs/AdoptOpenJDK/jdk-11.0.11.9-hotspot!/jdk.unsupported" type="simple" />
            <root url="jrt://C:/Users/viraj/AppData/Local/Programs/AdoptOpenJDK/jdk-11.0.11.9-hotspot!/jdk.unsupported.desktop" type="simple" />
            <root url="jrt://C:/Users/viraj/AppData/Local/Programs/AdoptOpenJDK/jdk-11.0.11.9-hotspot!/jdk.xml.dom" type="simple" />
            <root url="jrt://C:/Users/viraj/AppData/Local/Programs/AdoptOpenJDK/jdk-11.0.11.9-hotspot!/jdk.zipfs" type="simple" />
          </root>
        </classPath>
        <javadocPath>
          <root type="composite" />
        </javadocPath>
        <sourcePath>
          <root type="composite">
            <root url="jar://$USER_HOME$/AppData/Local/Programs/AdoptOpenJDK/jdk-11.0.11.9-hotspot/lib/src.zip!/java.se" type="simple" />
            <root url="jar://$USER_HOME$/AppData/Local/Programs/AdoptOpenJDK/jdk-11.0.11.9-hotspot/lib/src.zip!/jdk.aot" type="simple" />
            <root url="jar://$USER_HOME$/AppData/Local/Programs/AdoptOpenJDK/jdk-11.0.11.9-hotspot/lib/src.zip!/jdk.jdi" type="simple" />
            <root url="jar://$USER_HOME$/AppData/Local/Programs/AdoptOpenJDK/jdk-11.0.11.9-hotspot/lib/src.zip!/jdk.jfr" type="simple" />
            <root url="jar://$USER_HOME$/AppData/Local/Programs/AdoptOpenJDK/jdk-11.0.11.9-hotspot/lib/src.zip!/jdk.net" type="simple" />
            <root url="jar://$USER_HOME$/AppData/Local/Programs/AdoptOpenJDK/jdk-11.0.11.9-hotspot/lib/src.zip!/java.rmi" type="simple" />
            <root url="jar://$USER_HOME$/AppData/Local/Programs/AdoptOpenJDK/jdk-11.0.11.9-hotspot/lib/src.zip!/java.sql" type="simple" />
            <root url="jar://$USER_HOME$/AppData/Local/Programs/AdoptOpenJDK/jdk-11.0.11.9-hotspot/lib/src.zip!/java.xml" type="simple" />
            <root url="jar://$USER_HOME$/AppData/Local/Programs/AdoptOpenJDK/jdk-11.0.11.9-hotspot/lib/src.zip!/jdk.jcmd" type="simple" />
            <root url="jar://$USER_HOME$/AppData/Local/Programs/AdoptOpenJDK/jdk-11.0.11.9-hotspot/lib/src.zip!/jdk.pack" type="simple" />
            <root url="jar://$USER_HOME$/AppData/Local/Programs/AdoptOpenJDK/jdk-11.0.11.9-hotspot/lib/src.zip!/jdk.rmic" type="simple" />
            <root url="jar://$USER_HOME$/AppData/Local/Programs/AdoptOpenJDK/jdk-11.0.11.9-hotspot/lib/src.zip!/jdk.sctp" type="simple" />
            <root url="jar://$USER_HOME$/AppData/Local/Programs/AdoptOpenJDK/jdk-11.0.11.9-hotspot/lib/src.zip!/java.base" type="simple" />
            <root url="jar://$USER_HOME$/AppData/Local/Programs/AdoptOpenJDK/jdk-11.0.11.9-hotspot/lib/src.zip!/jdk.jdeps" type="simple" />
            <root url="jar://$USER_HOME$/AppData/Local/Programs/AdoptOpenJDK/jdk-11.0.11.9-hotspot/lib/src.zip!/jdk.jlink" type="simple" />
            <root url="jar://$USER_HOME$/AppData/Local/Programs/AdoptOpenJDK/jdk-11.0.11.9-hotspot/lib/src.zip!/jdk.zipfs" type="simple" />
            <root url="jar://$USER_HOME$/AppData/Local/Programs/AdoptOpenJDK/jdk-11.0.11.9-hotspot/lib/src.zip!/java.prefs" type="simple" />
            <root url="jar://$USER_HOME$/AppData/Local/Programs/AdoptOpenJDK/jdk-11.0.11.9-hotspot/lib/src.zip!/jdk.attach" type="simple" />
            <root url="jar://$USER_HOME$/AppData/Local/Programs/AdoptOpenJDK/jdk-11.0.11.9-hotspot/lib/src.zip!/jdk.jshell" type="simple" />
            <root url="jar://$USER_HOME$/AppData/Local/Programs/AdoptOpenJDK/jdk-11.0.11.9-hotspot/lib/src.zip!/jdk.jstatd" type="simple" />
            <root url="jar://$USER_HOME$/AppData/Local/Programs/AdoptOpenJDK/jdk-11.0.11.9-hotspot/lib/src.zip!/java.naming" type="simple" />
            <root url="jar://$USER_HOME$/AppData/Local/Programs/AdoptOpenJDK/jdk-11.0.11.9-hotspot/lib/src.zip!/jdk.editpad" type="simple" />
            <root url="jar://$USER_HOME$/AppData/Local/Programs/AdoptOpenJDK/jdk-11.0.11.9-hotspot/lib/src.zip!/jdk.jartool" type="simple" />
            <root url="jar://$USER_HOME$/AppData/Local/Programs/AdoptOpenJDK/jdk-11.0.11.9-hotspot/lib/src.zip!/jdk.javadoc" type="simple" />
            <root url="jar://$USER_HOME$/AppData/Local/Programs/AdoptOpenJDK/jdk-11.0.11.9-hotspot/lib/src.zip!/jdk.xml.dom" type="simple" />
            <root url="jar://$USER_HOME$/AppData/Local/Programs/AdoptOpenJDK/jdk-11.0.11.9-hotspot/lib/src.zip!/java.desktop" type="simple" />
            <root url="jar://$USER_HOME$/AppData/Local/Programs/AdoptOpenJDK/jdk-11.0.11.9-hotspot/lib/src.zip!/java.logging" type="simple" />
            <root url="jar://$USER_HOME$/AppData/Local/Programs/AdoptOpenJDK/jdk-11.0.11.9-hotspot/lib/src.zip!/jdk.charsets" type="simple" />
            <root url="jar://$USER_HOME$/AppData/Local/Programs/AdoptOpenJDK/jdk-11.0.11.9-hotspot/lib/src.zip!/jdk.compiler" type="simple" />
            <root url="jar://$USER_HOME$/AppData/Local/Programs/AdoptOpenJDK/jdk-11.0.11.9-hotspot/lib/src.zip!/jdk.dynalink" type="simple" />
            <root url="jar://$USER_HOME$/AppData/Local/Programs/AdoptOpenJDK/jdk-11.0.11.9-hotspot/lib/src.zip!/jdk.jconsole" type="simple" />
            <root url="jar://$USER_HOME$/AppData/Local/Programs/AdoptOpenJDK/jdk-11.0.11.9-hotspot/lib/src.zip!/jdk.jsobject" type="simple" />
            <root url="jar://$USER_HOME$/AppData/Local/Programs/AdoptOpenJDK/jdk-11.0.11.9-hotspot/lib/src.zip!/java.compiler" type="simple" />
            <root url="jar://$USER_HOME$/AppData/Local/Programs/AdoptOpenJDK/jdk-11.0.11.9-hotspot/lib/src.zip!/java.net.http" type="simple" />
            <root url="jar://$USER_HOME$/AppData/Local/Programs/AdoptOpenJDK/jdk-11.0.11.9-hotspot/lib/src.zip!/jdk.crypto.ec" type="simple" />
            <root url="jar://$USER_HOME$/AppData/Local/Programs/AdoptOpenJDK/jdk-11.0.11.9-hotspot/lib/src.zip!/java.scripting" type="simple" />
            <root url="jar://$USER_HOME$/AppData/Local/Programs/AdoptOpenJDK/jdk-11.0.11.9-hotspot/lib/src.zip!/jdk.httpserver" type="simple" />
            <root url="jar://$USER_HOME$/AppData/Local/Programs/AdoptOpenJDK/jdk-11.0.11.9-hotspot/lib/src.zip!/jdk.jdwp.agent" type="simple" />
            <root url="jar://$USER_HOME$/AppData/Local/Programs/AdoptOpenJDK/jdk-11.0.11.9-hotspot/lib/src.zip!/jdk.localedata" type="simple" />
            <root url="jar://$USER_HOME$/AppData/Local/Programs/AdoptOpenJDK/jdk-11.0.11.9-hotspot/lib/src.zip!/jdk.management" type="simple" />
            <root url="jar://$USER_HOME$/AppData/Local/Programs/AdoptOpenJDK/jdk-11.0.11.9-hotspot/lib/src.zip!/jdk.naming.dns" type="simple" />
            <root url="jar://$USER_HOME$/AppData/Local/Programs/AdoptOpenJDK/jdk-11.0.11.9-hotspot/lib/src.zip!/jdk.naming.rmi" type="simple" />
            <root url="jar://$USER_HOME$/AppData/Local/Programs/AdoptOpenJDK/jdk-11.0.11.9-hotspot/lib/src.zip!/java.instrument" type="simple" />
            <root url="jar://$USER_HOME$/AppData/Local/Programs/AdoptOpenJDK/jdk-11.0.11.9-hotspot/lib/src.zip!/java.management" type="simple" />
            <root url="jar://$USER_HOME$/AppData/Local/Programs/AdoptOpenJDK/jdk-11.0.11.9-hotspot/lib/src.zip!/java.sql.rowset" type="simple" />
            <root url="jar://$USER_HOME$/AppData/Local/Programs/AdoptOpenJDK/jdk-11.0.11.9-hotspot/lib/src.zip!/java.xml.crypto" type="simple" />
            <root url="jar://$USER_HOME$/AppData/Local/Programs/AdoptOpenJDK/jdk-11.0.11.9-hotspot/lib/src.zip!/jdk.internal.ed" type="simple" />
            <root url="jar://$USER_HOME$/AppData/Local/Programs/AdoptOpenJDK/jdk-11.0.11.9-hotspot/lib/src.zip!/jdk.internal.le" type="simple" />
            <root url="jar://$USER_HOME$/AppData/Local/Programs/AdoptOpenJDK/jdk-11.0.11.9-hotspot/lib/src.zip!/jdk.naming.ldap" type="simple" />
            <root url="jar://$USER_HOME$/AppData/Local/Programs/AdoptOpenJDK/jdk-11.0.11.9-hotspot/lib/src.zip!/jdk.unsupported" type="simple" />
            <root url="jar://$USER_HOME$/AppData/Local/Programs/AdoptOpenJDK/jdk-11.0.11.9-hotspot/lib/src.zip!/java.smartcardio" type="simple" />
            <root url="jar://$USER_HOME$/AppData/Local/Programs/AdoptOpenJDK/jdk-11.0.11.9-hotspot/lib/src.zip!/jdk.internal.opt" type="simple" />
            <root url="jar://$USER_HOME$/AppData/Local/Programs/AdoptOpenJDK/jdk-11.0.11.9-hotspot/lib/src.zip!/java.datatransfer" type="simple" />
            <root url="jar://$USER_HOME$/AppData/Local/Programs/AdoptOpenJDK/jdk-11.0.11.9-hotspot/lib/src.zip!/jdk.accessibility" type="simple" />
            <root url="jar://$USER_HOME$/AppData/Local/Programs/AdoptOpenJDK/jdk-11.0.11.9-hotspot/lib/src.zip!/jdk.crypto.mscapi" type="simple" />
            <root url="jar://$USER_HOME$/AppData/Local/Programs/AdoptOpenJDK/jdk-11.0.11.9-hotspot/lib/src.zip!/jdk.hotspot.agent" type="simple" />
            <root url="jar://$USER_HOME$/AppData/Local/Programs/AdoptOpenJDK/jdk-11.0.11.9-hotspot/lib/src.zip!/jdk.security.auth" type="simple" />
            <root url="jar://$USER_HOME$/AppData/Local/Programs/AdoptOpenJDK/jdk-11.0.11.9-hotspot/lib/src.zip!/jdk.security.jgss" type="simple" />
            <root url="jar://$USER_HOME$/AppData/Local/Programs/AdoptOpenJDK/jdk-11.0.11.9-hotspot/lib/src.zip!/java.security.jgss" type="simple" />
            <root url="jar://$USER_HOME$/AppData/Local/Programs/AdoptOpenJDK/jdk-11.0.11.9-hotspot/lib/src.zip!/java.security.sasl" type="simple" />
            <root url="jar://$USER_HOME$/AppData/Local/Programs/AdoptOpenJDK/jdk-11.0.11.9-hotspot/lib/src.zip!/jdk.internal.vm.ci" type="simple" />
            <root url="jar://$USER_HOME$/AppData/Local/Programs/AdoptOpenJDK/jdk-11.0.11.9-hotspot/lib/src.zip!/jdk.management.jfr" type="simple" />
            <root url="jar://$USER_HOME$/AppData/Local/Programs/AdoptOpenJDK/jdk-11.0.11.9-hotspot/lib/src.zip!/java.management.rmi" type="simple" />
            <root url="jar://$USER_HOME$/AppData/Local/Programs/AdoptOpenJDK/jdk-11.0.11.9-hotspot/lib/src.zip!/java.transaction.xa" type="simple" />
            <root url="jar://$USER_HOME$/AppData/Local/Programs/AdoptOpenJDK/jdk-11.0.11.9-hotspot/lib/src.zip!/jdk.crypto.cryptoki" type="simple" />
            <root url="jar://$USER_HOME$/AppData/Local/Programs/AdoptOpenJDK/jdk-11.0.11.9-hotspot/lib/src.zip!/jdk.internal.jvmstat" type="simple" />
            <root url="jar://$USER_HOME$/AppData/Local/Programs/AdoptOpenJDK/jdk-11.0.11.9-hotspot/lib/src.zip!/jdk.management.agent" type="simple" />
            <root url="jar://$USER_HOME$/AppData/Local/Programs/AdoptOpenJDK/jdk-11.0.11.9-hotspot/lib/src.zip!/jdk.scripting.nashorn" type="simple" />
            <root url="jar://$USER_HOME$/AppData/Local/Programs/AdoptOpenJDK/jdk-11.0.11.9-hotspot/lib/src.zip!/jdk.unsupported.desktop" type="simple" />
            <root url="jar://$USER_HOME$/AppData/Local/Programs/AdoptOpenJDK/jdk-11.0.11.9-hotspot/lib/src.zip!/jdk.internal.vm.compiler" type="simple" />
            <root url="jar://$USER_HOME$/AppData/Local/Programs/AdoptOpenJDK/jdk-11.0.11.9-hotspot/lib/src.zip!/jdk.scripting.nashorn.shell" type="simple" />
            <root url="jar://$USER_HOME$/AppData/Local/Programs/AdoptOpenJDK/jdk-11.0.11.9-hotspot/lib/src.zip!/jdk.internal.vm.compiler.management" type="simple" />
          </root>
        </sourcePath>
      </roots>
      <additional />
    </jdk>
  </component>
</application>